{
  "learning_rate": 1.7337391594646555e-05,
  "num_train_epochs": 5,
  "per_device_eval_batch_size": 8,
  "per_device_train_batch_size": 8,
  "weight_decay": 0.24099746618946752
}