{
  "learning_rate": 3.8322903111841824e-05,
  "num_train_epochs": 3,
  "per_device_eval_batch_size": 8,
  "per_device_train_batch_size": 8,
  "weight_decay": 0.18432335340553055
}